{
  "4_1": 0.3783783783783784,
  "5_0": 0.40540540540540543,
  "6_1": 0.20270270270270271,
  "7_0": 0.6216216216216216,
  "8_0": 0.6756756756756757,
  "9_2": 0.24324324324324326,
  "10_1": 0.21621621621621623,
  "12_1": -1,
  "14_2": 0.8648648648648649,
  "15_2": 0.8783783783783784,
  "16_0": 0.6351351351351351,
  "17_0": 0.7432432432432432,
  "18_1": 0.21621621621621623,
  "19_2": 0.10810810810810811,
  "20_2": 0.9054054054054054,
  "21_0": 0.6621621621621622,
  "22_2": 0.8648648648648649,
  "23_2": 0.8513513513513513,
  "24_3": 0.21621621621621623,
  "25_2": 0.28378378378378377,
  "26_1": 0.36486486486486486,
  "27_0": 0.6216216216216216,
  "28_3": 0.527027027027027,
  "29_0": 0.4864864864864865,
  "30_0": 0.8243243243243243,
  "31_2": 0.7837837837837838
}