{
  "4_1": 0.3076923076923077,
  "5_0": 0.32867132867132864,
  "6_1": 0.22377622377622378,
  "7_0": 0.5034965034965035,
  "8_0": 0.5384615384615384,
  "9_2": 0.22377622377622378,
  "10_1": 0.25874125874125875,
  "12_1": 0.5174825174825175,
  "14_2": 0.6783216783216783,
  "15_2": 0.7062937062937062,
  "16_0": 0.4755244755244755,
  "17_0": 0.5874125874125874,
  "18_1": 0.1958041958041958,
  "19_2": 0.1888111888111888,
  "20_2": 0.8321678321678322,
  "21_0": 0.5314685314685315,
  "22_2": 0.6643356643356644,
  "23_2": 0.6573426573426573,
  "24_3": 0.20279720279720279,
  "25_2": 0.32167832167832167,
  "26_1": 0.3006993006993007,
  "27_0": 0.5244755244755245,
  "28_3": 0.4405594405594406,
  "29_0": 0.4755244755244755,
  "30_0": 0.6643356643356644,
  "31_2": 0.6573426573426573
}