{
  "大智慧": [
    10.71669797,
    10.71568926,
    10.28183005,
    32.28991431,
    0.677100857,
    0.476884854,
    0.485949455,
    0.01552071,
    32.55072652,
    1.039635656,
    0.703265955,
    0.022461568,
    0.031779999,
    0.019604596,
    0.031938939,
    0.019979925,
    0.006893623,
    0.021349152
  ],
  "长亮科技": [
    66.14174185,
    45.45320771,
    23.31700314,
    36.64033004,
    0.6335967,
    0.57829105,
    0.962811712,
    0.085067643,
    6.822740641,
    0.602812011,
    1.329676015,
    0.117481334,
    0.088304469,
    0.08024801,
    0.088353353,
    0.087716924,
    0.053351928,
    0.145609848
  ],
  "博思软件": [
    7.282679762,
    6.747128567,
    4.036998879,
    26.22652428,
    0.737734757,
    0.355500727,
    1.021963788,
    0.185322649,
    8.884986968,
    1.611201241,
    1.237263251,
    0.224364998,
    0.181474322,
    0.146470266,
    0.181339742,
    0.177481173,
    0.090611139,
    0.345494274
  ],
  "延华智能": [
    1.40196194,
    1.284560006,
    0.676769801,
    58.41907737,
    0.415809226,
    1.404949041,
    1.004072278,
    0.010265406,
    8.179080669,
    0.083621058,
    0.923149166,
    0.009438067,
    0.018573486,
    0.011018028,
    0.010223772,
    0.010920286,
    0.005085642,
    0.008705447
  ],
  "恒华科技": [
    29.51015,
    25.88611148,
    8.222895313,
    22.32274996,
    0.7767725,
    0.287378221,
    0.410220797,
    0.029483046,
    15.29096867,
    1.098979727,
    0.598821809,
    0.043038021,
    0.072731856,
    0.066411127,
    0.071871165,
    0.077288723,
    0.019884216,
    0.089076015
  ],
  "顶点软件": [
    262.3284747,
    234.7035036,
    228.2046432,
    22.64891081,
    0.773510892,
    0.292806618,
    0.452005342,
    0.133014877,
    6.714476738,
    1.975917573,
    0.616626997,
    0.181459281,
    0.295226426,
    0.273249706,
    0.294277224,
    0.356774856,
    0.084246574,
    0.371967451
  ],
  "山大地纬": [
    2.649970348,
    2.582894863,
    1.949550664,
    26.03083139,
    0.739691686,
    0.351914614,
    0.949330837,
    0.160366765,
    1.872693187,
    0.316346775,
    0.740785641,
    0.125138036,
    0.16046377,
    0.16172307,
    0.16892611,
    0.189977508,
    0.059901064,
    0.230115832
  ]
}